[1,["6dcZh1zMRB05pj8RCkadbi"],0,[["sp.SkeletonData",["_name","_atlasText","textureNames","_skeletonJson","textures"],-1,3]],[[0,0,1,2,3,4,5]],[[0,"loading1","\nloading1.png\nsize: 512,512\nformat: RGBA8888\nfilter: Linear,Linear\nrepeat: none\neffect sang\n  rotate: false\n  xy: 316, 225\n  size: 90, 90\n  orig: 90, 90\n  offset: 0, 0\n  index: -1\nf/f1\n  rotate: false\n  xy: 2, 317\n  size: 155, 152\n  orig: 155, 152\n  offset: 0, 0\n  index: -1\nf/f2\n  rotate: false\n  xy: 2, 163\n  size: 155, 152\n  orig: 155, 152\n  offset: 0, 0\n  index: -1\nf/f3\n  rotate: false\n  xy: 159, 317\n  size: 155, 152\n  orig: 155, 152\n  offset: 0, 0\n  index: -1\nf/f4\n  rotate: false\n  xy: 2, 9\n  size: 155, 152\n  orig: 155, 152\n  offset: 0, 0\n  index: -1\nf/f5\n  rotate: false\n  xy: 159, 163\n  size: 155, 152\n  orig: 155, 152\n  offset: 0, 0\n  index: -1\nf/f6\n  rotate: false\n  xy: 316, 317\n  size: 155, 152\n  orig: 155, 152\n  offset: 0, 0\n  index: -1\nf/f7\n  rotate: false\n  xy: 159, 9\n  size: 155, 152\n  orig: 155, 152\n  offset: 0, 0\n  index: -1\n",["loading1.png"],{"skeleton":{"hash":"IBRl8KrL5AiSd+8zRX5JAmUzlBs","spine":"3.7.94","width":155,"height":193.06,"images":"./images/","audio":"F:/1.Atek/2.GO88/Finish/Spine - chip loading"},"bones":[{"name":"root"},{"name":"Chip","parent":"root","x":-0.4,"y":55.91},{"name":"effect sang","parent":"Chip","x":-2.85,"y":158.43}],"slots":[{"name":"f/f1","bone":"Chip","attachment":"f/f1"},{"name":"effect sang","bone":"effect sang","attachment":"effect sang"}],"skins":{"default":{"effect sang":{"effect sang":{"x":-0.95,"y":0.55,"width":90,"height":90}},"f/f1":{"f/f1":{"y":86.91,"width":155,"height":152},"f/f2":{"y":86.91,"width":155,"height":152},"f/f3":{"y":86.91,"width":155,"height":152},"f/f4":{"y":86.91,"width":155,"height":152},"f/f5":{"y":86.91,"width":155,"height":152},"f/f6":{"y":86.91,"width":155,"height":152},"f/f7":{"y":86.91,"width":155,"height":152}}}},"animations":{"1":{"slots":{"effect sang":{"color":[{"time":0,"color":"ffffffff"},{"time":0.1667,"color":"ffffff71"},{"time":0.3333,"color":"ffffffff"}]},"f/f1":{"attachment":[{"time":0,"name":"f/f1"},{"time":0.0667,"name":"f/f2"},{"time":0.1667,"name":"f/f3"},{"time":0.2333,"name":"f/f4"},{"time":0.3,"name":"f/f5"},{"time":0.3667,"name":"f/f6"},{"time":0.4667,"name":"f/f7"},{"time":0.5333,"name":"f/f1"},{"time":0.6,"name":"f/f2"},{"time":0.7,"name":"f/f3"},{"time":0.7667,"name":"f/f4"},{"time":0.8333,"name":"f/f5"},{"time":0.9333,"name":"f/f6"},{"time":1,"name":"f/f7"}]}},"bones":{"Chip":{"rotate":[{"time":0,"angle":0,"curve":"stepped"},{"time":1,"angle":0}],"translate":[{"time":0,"x":0,"y":0,"curve":"stepped"},{"time":1,"x":0,"y":0}],"scale":[{"time":0,"x":1,"y":1,"curve":"stepped"},{"time":1,"x":1,"y":1}]},"effect sang":{"rotate":[{"time":0,"angle":0,"curve":"stepped"},{"time":1,"angle":0}],"translate":[{"time":0,"x":0,"y":0,"curve":"stepped"},{"time":1,"x":0,"y":0}],"scale":[{"time":0,"x":0.756,"y":0.756},{"time":0.1667,"x":0.357,"y":0.357},{"time":0.3333,"x":0.756,"y":0.756,"curve":"stepped"},{"time":1,"x":0.756,"y":0.756}]}}},"2":{"slots":{"effect sang":{"color":[{"time":0,"color":"ffffffff"},{"time":0.3333,"color":"ffffff71"},{"time":0.6667,"color":"ffffffff","curve":"stepped"},{"time":1.6667,"color":"ffffffff"}]},"f/f1":{"attachment":[{"time":0,"name":"f/f1"},{"time":0.1333,"name":"f/f2"},{"time":0.2667,"name":"f/f3"},{"time":0.4,"name":"f/f4"},{"time":0.5,"name":"f/f5"},{"time":0.6333,"name":"f/f6"},{"time":0.7667,"name":"f/f7"},{"time":0.9,"name":"f/f1"},{"time":1.0333,"name":"f/f2"},{"time":1.1667,"name":"f/f3"},{"time":1.3,"name":"f/f4"},{"time":1.4,"name":"f/f5"},{"time":1.5333,"name":"f/f6"},{"time":1.6667,"name":"f/f7"}]}},"bones":{"Chip":{"rotate":[{"time":0,"angle":0,"curve":"stepped"},{"time":1.6667,"angle":0}],"translate":[{"time":0,"x":0,"y":0,"curve":"stepped"},{"time":1.6667,"x":0,"y":0}],"scale":[{"time":0,"x":1,"y":1,"curve":"stepped"},{"time":1.6667,"x":1,"y":1}]},"effect sang":{"rotate":[{"time":0,"angle":0,"curve":"stepped"},{"time":0.6667,"angle":0,"curve":"stepped"},{"time":1.6667,"angle":0}],"translate":[{"time":0,"x":0,"y":0,"curve":"stepped"},{"time":0.6667,"x":0,"y":0,"curve":"stepped"},{"time":1.6667,"x":0,"y":0}],"scale":[{"time":0,"x":0.567,"y":0.567},{"time":0.3333,"x":0.357,"y":0.357},{"time":0.6667,"x":0.567,"y":0.567,"curve":"stepped"},{"time":1.6667,"x":0.567,"y":0.567}]}}}}},[0]]],0,0,[0],[-1],[0]]